{"cameraMode":{"drawMode":0,"name":"Shaded","section":"Shading Mode"},"sceneLighting":true,"audioPlay":false,"sceneViewState":{"showFog":true,"showMaterialUpdate":false,"showSkybox":true,"showFlares":true,"showImageEffects":true,"showParticleSystems":true},"in2DMode":false,"pivot":{"x":0.5215892791748047,"y":0.7515072822570801,"z":-1.034128189086914},"rotation":{"x":-0.06763621419668198,"y":0.9261109232902527,"z":-0.20060031116008759,"w":-0.31225618720054629},"size":4.4965620040893559,"orthographic":false}